입력표기,정규화자격증명,표기구분,자격유형,자격상태,Q-NetURL
ASME용접사,ASME용접사,표준명,현장·민간·국제 인증,현장·민간·국제,
ASME자격,ASME용접사,별칭·구표기,현장·민간·국제 인증,현장·민간·국제,
AWS용접사,AWS용접사,표준명,현장·민간·국제 인증,현장·민간·국제,
AWS자격,AWS용접사,별칭·구표기,현장·민간·국제 인증,현장·민간·국제,
가스기능사,가스기능사,표준명,국가기술자격,현행,https://www.q-net.or.kr/totalSearch.do?gSite=Q&pageNum=1&resFlag=N&searchMenu=total&searchQuery=%EA%B0%80%EC%8A%A4%EA%B8%B0%EB%8A%A5%EC%82%AC&searchSort=weight&totalQuery=%EA%B0%80%EC%8A%A4%EA%B8%B0%EB%8A%A5%EC%82%AC
가스텅스텐아크용접기능사,가스텅스텐아크용접기능사,표준명,국가기술자격,현행,https://www.q-net.or.kr/totalSearch.do?gSite=Q&pageNum=1&resFlag=N&searchMenu=total&searchQuery=%EA%B0%80%EC%8A%A4%ED%85%85%EC%8A%A4%ED%85%90%EC%95%84%ED%81%AC%EC%9A%A9%EC%A0%91%EA%B8%B0%EB%8A%A5%EC%82%AC&searchSort=weight&totalQuery=%EA%B0%80%EC%8A%A4%ED%85%85%EC%8A%A4%ED%85%90%EC%95%84%ED%81%AC%EC%9A%A9%EC%A0%91%EA%B8%B0%EB%8A%A5%EC%82%AC
거푸집기능사,거푸집기능사,표준명,국가기술자격,현행,https://www.q-net.or.kr/totalSearch.do?gSite=Q&pageNum=1&resFlag=N&searchMenu=total&searchQuery=%EA%B1%B0%ED%91%B8%EC%A7%91%EA%B8%B0%EB%8A%A5%EC%82%AC&searchSort=weight&totalQuery=%EA%B1%B0%ED%91%B8%EC%A7%91%EA%B8%B0%EB%8A%A5%EC%82%AC
건설안전기사,건설안전기사,표준명,국가기술자격,현행,https://www.q-net.or.kr/totalSearch.do?gSite=Q&pageNum=1&resFlag=N&searchMenu=total&searchQuery=%EA%B1%B4%EC%84%A4%EC%95%88%EC%A0%84%EA%B8%B0%EC%82%AC&searchSort=weight&totalQuery=%EA%B1%B4%EC%84%A4%EC%95%88%EC%A0%84%EA%B8%B0%EC%82%AC
건설안전산업기사,건설안전산업기사,표준명,국가기술자격,현행,https://www.q-net.or.kr/totalSearch.do?gSite=Q&pageNum=1&resFlag=N&searchMenu=total&searchQuery=%EA%B1%B4%EC%84%A4%EC%95%88%EC%A0%84%EC%82%B0%EC%97%85%EA%B8%B0%EC%82%AC&searchSort=weight&totalQuery=%EA%B1%B4%EC%84%A4%EC%95%88%EC%A0%84%EC%82%B0%EC%97%85%EA%B8%B0%EC%82%AC
건축기사,건축기사,표준명,국가기술자격,현행,https://www.q-net.or.kr/totalSearch.do?gSite=Q&pageNum=1&resFlag=N&searchMenu=total&searchQuery=%EA%B1%B4%EC%B6%95%EA%B8%B0%EC%82%AC&searchSort=weight&totalQuery=%EA%B1%B4%EC%B6%95%EA%B8%B0%EC%82%AC
건축도장기능사,건축도장기능사,표준명,국가기술자격,현행,https://www.q-net.or.kr/totalSearch.do?gSite=Q&pageNum=1&resFlag=N&searchMenu=total&searchQuery=%EA%B1%B4%EC%B6%95%EB%8F%84%EC%9E%A5%EA%B8%B0%EB%8A%A5%EC%82%AC&searchSort=weight&totalQuery=%EA%B1%B4%EC%B6%95%EB%8F%84%EC%9E%A5%EA%B8%B0%EB%8A%A5%EC%82%AC
도장기능사,건축도장기능사,별칭·구표기,국가기술자격,현행,https://www.q-net.or.kr/totalSearch.do?gSite=Q&pageNum=1&resFlag=N&searchMenu=total&searchQuery=%EA%B1%B4%EC%B6%95%EB%8F%84%EC%9E%A5%EA%B8%B0%EB%8A%A5%EC%82%AC&searchSort=weight&totalQuery=%EA%B1%B4%EC%B6%95%EB%8F%84%EC%9E%A5%EA%B8%B0%EB%8A%A5%EC%82%AC
건축목공기능사,건축목공기능사,표준명,국가기술자격,현행,https://www.q-net.or.kr/totalSearch.do?gSite=Q&pageNum=1&resFlag=N&searchMenu=total&searchQuery=%EA%B1%B4%EC%B6%95%EB%AA%A9%EA%B3%B5%EA%B8%B0%EB%8A%A5%EC%82%AC&searchSort=weight&totalQuery=%EA%B1%B4%EC%B6%95%EB%AA%A9%EA%B3%B5%EA%B8%B0%EB%8A%A5%EC%82%AC
건축목공산업기사,건축목공산업기사,표준명,국가기술자격,현행,https://www.q-net.or.kr/totalSearch.do?gSite=Q&pageNum=1&resFlag=N&searchMenu=total&searchQuery=%EA%B1%B4%EC%B6%95%EB%AA%A9%EA%B3%B5%EC%82%B0%EC%97%85%EA%B8%B0%EC%82%AC&searchSort=weight&totalQuery=%EA%B1%B4%EC%B6%95%EB%AA%A9%EA%B3%B5%EC%82%B0%EC%97%85%EA%B8%B0%EC%82%AC
건축산업기사,건축산업기사,표준명,국가기술자격,현행,https://www.q-net.or.kr/totalSearch.do?gSite=Q&pageNum=1&resFlag=N&searchMenu=total&searchQuery=%EA%B1%B4%EC%B6%95%EC%82%B0%EC%97%85%EA%B8%B0%EC%82%AC&searchSort=weight&totalQuery=%EA%B1%B4%EC%B6%95%EC%82%B0%EC%97%85%EA%B8%B0%EC%82%AC
건축일반시공산업기사,건축일반시공산업기사,표준명,국가기술자격,현행,https://www.q-net.or.kr/totalSearch.do?gSite=Q&pageNum=1&resFlag=N&searchMenu=total&searchQuery=%EA%B1%B4%EC%B6%95%EC%9D%BC%EB%B0%98%EC%8B%9C%EA%B3%B5%EC%82%B0%EC%97%85%EA%B8%B0%EC%82%AC&searchSort=weight&totalQuery=%EA%B1%B4%EC%B6%95%EC%9D%BC%EB%B0%98%EC%8B%9C%EA%B3%B5%EC%82%B0%EC%97%85%EA%B8%B0%EC%82%AC
공조냉동기계기능사,공조냉동기계기능사,표준명,국가기술자격,현행,https://www.q-net.or.kr/totalSearch.do?gSite=Q&pageNum=1&resFlag=N&searchMenu=total&searchQuery=%EA%B3%B5%EC%A1%B0%EB%83%89%EB%8F%99%EA%B8%B0%EA%B3%84%EA%B8%B0%EB%8A%A5%EC%82%AC&searchSort=weight&totalQuery=%EA%B3%B5%EC%A1%B0%EB%83%89%EB%8F%99%EA%B8%B0%EA%B3%84%EA%B8%B0%EB%8A%A5%EC%82%AC
공조냉동기계산업기사,공조냉동기계산업기사,표준명,국가기술자격,현행,https://www.q-net.or.kr/totalSearch.do?gSite=Q&pageNum=1&resFlag=N&searchMenu=total&searchQuery=%EA%B3%B5%EC%A1%B0%EB%83%89%EB%8F%99%EA%B8%B0%EA%B3%84%EC%82%B0%EC%97%85%EA%B8%B0%EC%82%AC&searchSort=weight&totalQuery=%EA%B3%B5%EC%A1%B0%EB%83%89%EB%8F%99%EA%B8%B0%EA%B3%84%EC%82%B0%EC%97%85%EA%B8%B0%EC%82%AC
굴착기운전기능사,굴착기운전기능사,표준명,국가기술자격,현행,https://www.q-net.or.kr/totalSearch.do?gSite=Q&pageNum=1&resFlag=N&searchMenu=total&searchQuery=%EA%B5%B4%EC%B0%A9%EA%B8%B0%EC%9A%B4%EC%A0%84%EA%B8%B0%EB%8A%A5%EC%82%AC&searchSort=weight&totalQuery=%EA%B5%B4%EC%B0%A9%EA%B8%B0%EC%9A%B4%EC%A0%84%EA%B8%B0%EB%8A%A5%EC%82%AC
굴삭기운전기능사,굴착기운전기능사,별칭·구표기,국가기술자격,현행,https://www.q-net.or.kr/totalSearch.do?gSite=Q&pageNum=1&resFlag=N&searchMenu=total&searchQuery=%EA%B5%B4%EC%B0%A9%EA%B8%B0%EC%9A%B4%EC%A0%84%EA%B8%B0%EB%8A%A5%EC%82%AC&searchSort=weight&totalQuery=%EA%B5%B4%EC%B0%A9%EA%B8%B0%EC%9A%B4%EC%A0%84%EA%B8%B0%EB%8A%A5%EC%82%AC
기중기운전기능사,기중기운전기능사,표준명,국가기술자격,현행,https://www.q-net.or.kr/totalSearch.do?gSite=Q&pageNum=1&resFlag=N&searchMenu=total&searchQuery=%EA%B8%B0%EC%A4%91%EA%B8%B0%EC%9A%B4%EC%A0%84%EA%B8%B0%EB%8A%A5%EC%82%AC&searchSort=weight&totalQuery=%EA%B8%B0%EC%A4%91%EA%B8%B0%EC%9A%B4%EC%A0%84%EA%B8%B0%EB%8A%A5%EC%82%AC
로더운전기능사,로더운전기능사,표준명,국가기술자격,현행,https://www.q-net.or.kr/totalSearch.do?gSite=Q&pageNum=1&resFlag=N&searchMenu=total&searchQuery=%EB%A1%9C%EB%8D%94%EC%9A%B4%EC%A0%84%EA%B8%B0%EB%8A%A5%EC%82%AC&searchSort=weight&totalQuery=%EB%A1%9C%EB%8D%94%EC%9A%B4%EC%A0%84%EA%B8%B0%EB%8A%A5%EC%82%AC
로우더운전기능사,로더운전기능사,별칭·구표기,국가기술자격,현행,https://www.q-net.or.kr/totalSearch.do?gSite=Q&pageNum=1&resFlag=N&searchMenu=total&searchQuery=%EB%A1%9C%EB%8D%94%EC%9A%B4%EC%A0%84%EA%B8%B0%EB%8A%A5%EC%82%AC&searchSort=weight&totalQuery=%EB%A1%9C%EB%8D%94%EC%9A%B4%EC%A0%84%EA%B8%B0%EB%8A%A5%EC%82%AC
롤러운전기능사,롤러운전기능사,표준명,국가기술자격,현행,https://www.q-net.or.kr/totalSearch.do?gSite=Q&pageNum=1&resFlag=N&searchMenu=total&searchQuery=%EB%A1%A4%EB%9F%AC%EC%9A%B4%EC%A0%84%EA%B8%B0%EB%8A%A5%EC%82%AC&searchSort=weight&totalQuery=%EB%A1%A4%EB%9F%AC%EC%9A%B4%EC%A0%84%EA%B8%B0%EB%8A%A5%EC%82%AC
로울러운전기능사,롤러운전기능사,별칭·구표기,국가기술자격,현행,https://www.q-net.or.kr/totalSearch.do?gSite=Q&pageNum=1&resFlag=N&searchMenu=total&searchQuery=%EB%A1%A4%EB%9F%AC%EC%9A%B4%EC%A0%84%EA%B8%B0%EB%8A%A5%EC%82%AC&searchSort=weight&totalQuery=%EB%A1%A4%EB%9F%AC%EC%9A%B4%EC%A0%84%EA%B8%B0%EB%8A%A5%EC%82%AC
미장기능사,미장기능사,표준명,국가기술자격,현행,https://www.q-net.or.kr/totalSearch.do?gSite=Q&pageNum=1&resFlag=N&searchMenu=total&searchQuery=%EB%AF%B8%EC%9E%A5%EA%B8%B0%EB%8A%A5%EC%82%AC&searchSort=weight&totalQuery=%EB%AF%B8%EC%9E%A5%EA%B8%B0%EB%8A%A5%EC%82%AC
방수기능사,방수기능사,표준명,국가기술자격,현행,https://www.q-net.or.kr/totalSearch.do?gSite=Q&pageNum=1&resFlag=N&searchMenu=total&searchQuery=%EB%B0%A9%EC%88%98%EA%B8%B0%EB%8A%A5%EC%82%AC&searchSort=weight&totalQuery=%EB%B0%A9%EC%88%98%EA%B8%B0%EB%8A%A5%EC%82%AC
방수산업기사,방수산업기사,표준명,국가기술자격,현행,https://www.q-net.or.kr/totalSearch.do?gSite=Q&pageNum=1&resFlag=N&searchMenu=total&searchQuery=%EB%B0%A9%EC%88%98%EC%82%B0%EC%97%85%EA%B8%B0%EC%82%AC&searchSort=weight&totalQuery=%EB%B0%A9%EC%88%98%EC%82%B0%EC%97%85%EA%B8%B0%EC%82%AC
배관기능사,배관기능사,표준명,국가기술자격,현행,https://www.q-net.or.kr/totalSearch.do?gSite=Q&pageNum=1&resFlag=N&searchMenu=total&searchQuery=%EB%B0%B0%EA%B4%80%EA%B8%B0%EB%8A%A5%EC%82%AC&searchSort=weight&totalQuery=%EB%B0%B0%EA%B4%80%EA%B8%B0%EB%8A%A5%EC%82%AC
배관산업기사,배관산업기사,표준명,국가기술자격,현행,https://www.q-net.or.kr/totalSearch.do?gSite=Q&pageNum=1&resFlag=N&searchMenu=total&searchQuery=%EB%B0%B0%EA%B4%80%EC%82%B0%EC%97%85%EA%B8%B0%EC%82%AC&searchSort=weight&totalQuery=%EB%B0%B0%EA%B4%80%EC%82%B0%EC%97%85%EA%B8%B0%EC%82%AC
불도저운전기능사,불도저운전기능사,표준명,국가기술자격,현행,https://www.q-net.or.kr/totalSearch.do?gSite=Q&pageNum=1&resFlag=N&searchMenu=total&searchQuery=%EB%B6%88%EB%8F%84%EC%A0%80%EC%9A%B4%EC%A0%84%EA%B8%B0%EB%8A%A5%EC%82%AC&searchSort=weight&totalQuery=%EB%B6%88%EB%8F%84%EC%A0%80%EC%9A%B4%EC%A0%84%EA%B8%B0%EB%8A%A5%EC%82%AC
불도우저운전기능사,불도저운전기능사,별칭·구표기,국가기술자격,현행,https://www.q-net.or.kr/totalSearch.do?gSite=Q&pageNum=1&resFlag=N&searchMenu=total&searchQuery=%EB%B6%88%EB%8F%84%EC%A0%80%EC%9A%B4%EC%A0%84%EA%B8%B0%EB%8A%A5%EC%82%AC&searchSort=weight&totalQuery=%EB%B6%88%EB%8F%84%EC%A0%80%EC%9A%B4%EC%A0%84%EA%B8%B0%EB%8A%A5%EC%82%AC
비계기능사,비계기능사,표준명,국가기술자격,현행,https://www.q-net.or.kr/totalSearch.do?gSite=Q&pageNum=1&resFlag=N&searchMenu=total&searchQuery=%EB%B9%84%EA%B3%84%EA%B8%B0%EB%8A%A5%EC%82%AC&searchSort=weight&totalQuery=%EB%B9%84%EA%B3%84%EA%B8%B0%EB%8A%A5%EC%82%AC
산업안전기사,산업안전기사,표준명,국가기술자격,현행,https://www.q-net.or.kr/totalSearch.do?gSite=Q&pageNum=1&resFlag=N&searchMenu=total&searchQuery=%EC%82%B0%EC%97%85%EC%95%88%EC%A0%84%EA%B8%B0%EC%82%AC&searchSort=weight&totalQuery=%EC%82%B0%EC%97%85%EC%95%88%EC%A0%84%EA%B8%B0%EC%82%AC
산업안전산업기사,산업안전산업기사,표준명,국가기술자격,현행,https://www.q-net.or.kr/totalSearch.do?gSite=Q&pageNum=1&resFlag=N&searchMenu=total&searchQuery=%EC%82%B0%EC%97%85%EC%95%88%EC%A0%84%EC%82%B0%EC%97%85%EA%B8%B0%EC%82%AC&searchSort=weight&totalQuery=%EC%82%B0%EC%97%85%EC%95%88%EC%A0%84%EC%82%B0%EC%97%85%EA%B8%B0%EC%82%AC
석공기능사,석공기능사,표준명,국가기술자격,현행,https://www.q-net.or.kr/totalSearch.do?gSite=Q&pageNum=1&resFlag=N&searchMenu=total&searchQuery=%EC%84%9D%EA%B3%B5%EA%B8%B0%EB%8A%A5%EC%82%AC&searchSort=weight&totalQuery=%EC%84%9D%EA%B3%B5%EA%B8%B0%EB%8A%A5%EC%82%AC
선급용접사,선급용접사,표준명,현장·민간·국제 인증,현장·민간·국제,
선급자격,선급용접사,별칭·구표기,현장·민간·국제 인증,현장·민간·국제,
에너지관리기능사,에너지관리기능사,표준명,국가기술자격,현행,https://www.q-net.or.kr/totalSearch.do?gSite=Q&pageNum=1&resFlag=N&searchMenu=total&searchQuery=%EC%97%90%EB%84%88%EC%A7%80%EA%B4%80%EB%A6%AC%EA%B8%B0%EB%8A%A5%EC%82%AC&searchSort=weight&totalQuery=%EC%97%90%EB%84%88%EC%A7%80%EA%B4%80%EB%A6%AC%EA%B8%B0%EB%8A%A5%EC%82%AC
온수온돌기능사,온수온돌기능사,표준명,국가기술자격,현행,https://www.q-net.or.kr/totalSearch.do?gSite=Q&pageNum=1&resFlag=N&searchMenu=total&searchQuery=%EC%98%A8%EC%88%98%EC%98%A8%EB%8F%8C%EA%B8%B0%EB%8A%A5%EC%82%AC&searchSort=weight&totalQuery=%EC%98%A8%EC%88%98%EC%98%A8%EB%8F%8C%EA%B8%B0%EB%8A%A5%EC%82%AC
용접기능장,용접기능장,표준명,국가기술자격,현행,https://www.q-net.or.kr/totalSearch.do?gSite=Q&pageNum=1&resFlag=N&searchMenu=total&searchQuery=%EC%9A%A9%EC%A0%91%EA%B8%B0%EB%8A%A5%EC%9E%A5&searchSort=weight&totalQuery=%EC%9A%A9%EC%A0%91%EA%B8%B0%EB%8A%A5%EC%9E%A5
용접기사,용접기사,표준명,국가기술자격,현행,https://www.q-net.or.kr/totalSearch.do?gSite=Q&pageNum=1&resFlag=N&searchMenu=total&searchQuery=%EC%9A%A9%EC%A0%91%EA%B8%B0%EC%82%AC&searchSort=weight&totalQuery=%EC%9A%A9%EC%A0%91%EA%B8%B0%EC%82%AC
용접기술사,용접기술사,표준명,국가기술자격,현행,https://www.q-net.or.kr/totalSearch.do?gSite=Q&pageNum=1&resFlag=N&searchMenu=total&searchQuery=%EC%9A%A9%EC%A0%91%EA%B8%B0%EC%88%A0%EC%82%AC&searchSort=weight&totalQuery=%EC%9A%A9%EC%A0%91%EA%B8%B0%EC%88%A0%EC%82%AC
용접산업기사,용접산업기사,표준명,국가기술자격,현행,https://www.q-net.or.kr/totalSearch.do?gSite=Q&pageNum=1&resFlag=N&searchMenu=total&searchQuery=%EC%9A%A9%EC%A0%91%EC%82%B0%EC%97%85%EA%B8%B0%EC%82%AC&searchSort=weight&totalQuery=%EC%9A%A9%EC%A0%91%EC%82%B0%EC%97%85%EA%B8%B0%EC%82%AC
이산화탄소가스아크용접기능사,이산화탄소가스아크용접기능사,표준명,국가기술자격,현행,https://www.q-net.or.kr/totalSearch.do?gSite=Q&pageNum=1&resFlag=N&searchMenu=total&searchQuery=%EC%9D%B4%EC%82%B0%ED%99%94%ED%83%84%EC%86%8C%EA%B0%80%EC%8A%A4%EC%95%84%ED%81%AC%EC%9A%A9%EC%A0%91%EA%B8%B0%EB%8A%A5%EC%82%AC&searchSort=weight&totalQuery=%EC%9D%B4%EC%82%B0%ED%99%94%ED%83%84%EC%86%8C%EA%B0%80%EC%8A%A4%EC%95%84%ED%81%AC%EC%9A%A9%EC%A0%91%EA%B8%B0%EB%8A%A5%EC%82%AC
CO2용접기능사,이산화탄소가스아크용접기능사,별칭·구표기,국가기술자격,현행,https://www.q-net.or.kr/totalSearch.do?gSite=Q&pageNum=1&resFlag=N&searchMenu=total&searchQuery=%EC%9D%B4%EC%82%B0%ED%99%94%ED%83%84%EC%86%8C%EA%B0%80%EC%8A%A4%EC%95%84%ED%81%AC%EC%9A%A9%EC%A0%91%EA%B8%B0%EB%8A%A5%EC%82%AC&searchSort=weight&totalQuery=%EC%9D%B4%EC%82%B0%ED%99%94%ED%83%84%EC%86%8C%EA%B0%80%EC%8A%A4%EC%95%84%ED%81%AC%EC%9A%A9%EC%A0%91%EA%B8%B0%EB%8A%A5%EC%82%AC
CO₂용접기능사,이산화탄소가스아크용접기능사,별칭·구표기,국가기술자격,현행,https://www.q-net.or.kr/totalSearch.do?gSite=Q&pageNum=1&resFlag=N&searchMenu=total&searchQuery=%EC%9D%B4%EC%82%B0%ED%99%94%ED%83%84%EC%86%8C%EA%B0%80%EC%8A%A4%EC%95%84%ED%81%AC%EC%9A%A9%EC%A0%91%EA%B8%B0%EB%8A%A5%EC%82%AC&searchSort=weight&totalQuery=%EC%9D%B4%EC%82%B0%ED%99%94%ED%83%84%EC%86%8C%EA%B0%80%EC%8A%A4%EC%95%84%ED%81%AC%EC%9A%A9%EC%A0%91%EA%B8%B0%EB%8A%A5%EC%82%AC
조적기능사,조적기능사,표준명,국가기술자격,현행,https://www.q-net.or.kr/totalSearch.do?gSite=Q&pageNum=1&resFlag=N&searchMenu=total&searchQuery=%EC%A1%B0%EC%A0%81%EA%B8%B0%EB%8A%A5%EC%82%AC&searchSort=weight&totalQuery=%EC%A1%B0%EC%A0%81%EA%B8%B0%EB%8A%A5%EC%82%AC
지게차운전기능사,지게차운전기능사,표준명,국가기술자격,현행,https://www.q-net.or.kr/totalSearch.do?gSite=Q&pageNum=1&resFlag=N&searchMenu=total&searchQuery=%EC%A7%80%EA%B2%8C%EC%B0%A8%EC%9A%B4%EC%A0%84%EA%B8%B0%EB%8A%A5%EC%82%AC&searchSort=weight&totalQuery=%EC%A7%80%EA%B2%8C%EC%B0%A8%EC%9A%B4%EC%A0%84%EA%B8%B0%EB%8A%A5%EC%82%AC
천공기운전기능사,천공기운전기능사,표준명,국가기술자격,현행,https://www.q-net.or.kr/totalSearch.do?gSite=Q&pageNum=1&resFlag=N&searchMenu=total&searchQuery=%EC%B2%9C%EA%B3%B5%EA%B8%B0%EC%9A%B4%EC%A0%84%EA%B8%B0%EB%8A%A5%EC%82%AC&searchSort=weight&totalQuery=%EC%B2%9C%EA%B3%B5%EA%B8%B0%EC%9A%B4%EC%A0%84%EA%B8%B0%EB%8A%A5%EC%82%AC
천장크레인운전기능사,천장크레인운전기능사,표준명,국가기술자격,현행,https://www.q-net.or.kr/totalSearch.do?gSite=Q&pageNum=1&resFlag=N&searchMenu=total&searchQuery=%EC%B2%9C%EC%9E%A5%ED%81%AC%EB%A0%88%EC%9D%B8%EC%9A%B4%EC%A0%84%EA%B8%B0%EB%8A%A5%EC%82%AC&searchSort=weight&totalQuery=%EC%B2%9C%EC%9E%A5%ED%81%AC%EB%A0%88%EC%9D%B8%EC%9A%B4%EC%A0%84%EA%B8%B0%EB%8A%A5%EC%82%AC
철근기능사,철근기능사,표준명,국가기술자격,현행,https://www.q-net.or.kr/totalSearch.do?gSite=Q&pageNum=1&resFlag=N&searchMenu=total&searchQuery=%EC%B2%A0%EA%B7%BC%EA%B8%B0%EB%8A%A5%EC%82%AC&searchSort=weight&totalQuery=%EC%B2%A0%EA%B7%BC%EA%B8%B0%EB%8A%A5%EC%82%AC
컨테이너크레인운전기능사,컨테이너크레인운전기능사,표준명,국가기술자격,현행,https://www.q-net.or.kr/totalSearch.do?gSite=Q&pageNum=1&resFlag=N&searchMenu=total&searchQuery=%EC%BB%A8%ED%85%8C%EC%9D%B4%EB%84%88%ED%81%AC%EB%A0%88%EC%9D%B8%EC%9A%B4%EC%A0%84%EA%B8%B0%EB%8A%A5%EC%82%AC&searchSort=weight&totalQuery=%EC%BB%A8%ED%85%8C%EC%9D%B4%EB%84%88%ED%81%AC%EB%A0%88%EC%9D%B8%EC%9A%B4%EC%A0%84%EA%B8%B0%EB%8A%A5%EC%82%AC
콘크리트기능사,콘크리트기능사,표준명,국가기술자격,현행,https://www.q-net.or.kr/totalSearch.do?gSite=Q&pageNum=1&resFlag=N&searchMenu=total&searchQuery=%EC%BD%98%ED%81%AC%EB%A6%AC%ED%8A%B8%EA%B8%B0%EB%8A%A5%EC%82%AC&searchSort=weight&totalQuery=%EC%BD%98%ED%81%AC%EB%A6%AC%ED%8A%B8%EA%B8%B0%EB%8A%A5%EC%82%AC
콘크리트기사,콘크리트기사,표준명,국가기술자격,현행,https://www.q-net.or.kr/totalSearch.do?gSite=Q&pageNum=1&resFlag=N&searchMenu=total&searchQuery=%EC%BD%98%ED%81%AC%EB%A6%AC%ED%8A%B8%EA%B8%B0%EC%82%AC&searchSort=weight&totalQuery=%EC%BD%98%ED%81%AC%EB%A6%AC%ED%8A%B8%EA%B8%B0%EC%82%AC
콘크리트산업기사,콘크리트산업기사,표준명,국가기술자격,현행,https://www.q-net.or.kr/totalSearch.do?gSite=Q&pageNum=1&resFlag=N&searchMenu=total&searchQuery=%EC%BD%98%ED%81%AC%EB%A6%AC%ED%8A%B8%EC%82%B0%EC%97%85%EA%B8%B0%EC%82%AC&searchSort=weight&totalQuery=%EC%BD%98%ED%81%AC%EB%A6%AC%ED%8A%B8%EC%82%B0%EC%97%85%EA%B8%B0%EC%82%AC
타워크레인운전기능사,타워크레인운전기능사,표준명,국가기술자격,현행,https://www.q-net.or.kr/totalSearch.do?gSite=Q&pageNum=1&resFlag=N&searchMenu=total&searchQuery=%ED%83%80%EC%9B%8C%ED%81%AC%EB%A0%88%EC%9D%B8%EC%9A%B4%EC%A0%84%EA%B8%B0%EB%8A%A5%EC%82%AC&searchSort=weight&totalQuery=%ED%83%80%EC%9B%8C%ED%81%AC%EB%A0%88%EC%9D%B8%EC%9A%B4%EC%A0%84%EA%B8%B0%EB%8A%A5%EC%82%AC
타일기능사,타일기능사,표준명,국가기술자격,현행,https://www.q-net.or.kr/totalSearch.do?gSite=Q&pageNum=1&resFlag=N&searchMenu=total&searchQuery=%ED%83%80%EC%9D%BC%EA%B8%B0%EB%8A%A5%EC%82%AC&searchSort=weight&totalQuery=%ED%83%80%EC%9D%BC%EA%B8%B0%EB%8A%A5%EC%82%AC
특수용접기능사(구),특수용접기능사(구),표준명,국가기술자격 구명칭,구명칭,https://www.q-net.or.kr/totalSearch.do?gSite=Q&pageNum=1&resFlag=N&searchMenu=total&searchQuery=%ED%8A%B9%EC%88%98%EC%9A%A9%EC%A0%91%EA%B8%B0%EB%8A%A5%EC%82%AC&searchSort=weight&totalQuery=%ED%8A%B9%EC%88%98%EC%9A%A9%EC%A0%91%EA%B8%B0%EB%8A%A5%EC%82%AC
특수용접기능사,특수용접기능사(구),별칭·구표기,국가기술자격 구명칭,구명칭,https://www.q-net.or.kr/totalSearch.do?gSite=Q&pageNum=1&resFlag=N&searchMenu=total&searchQuery=%ED%8A%B9%EC%88%98%EC%9A%A9%EC%A0%91%EA%B8%B0%EB%8A%A5%EC%82%AC&searchSort=weight&totalQuery=%ED%8A%B9%EC%88%98%EC%9A%A9%EC%A0%91%EA%B8%B0%EB%8A%A5%EC%82%AC
피복아크용접기능사,피복아크용접기능사,표준명,국가기술자격,현행,https://www.q-net.or.kr/totalSearch.do?gSite=Q&pageNum=1&resFlag=N&searchMenu=total&searchQuery=%ED%94%BC%EB%B3%B5%EC%95%84%ED%81%AC%EC%9A%A9%EC%A0%91%EA%B8%B0%EB%8A%A5%EC%82%AC&searchSort=weight&totalQuery=%ED%94%BC%EB%B3%B5%EC%95%84%ED%81%AC%EC%9A%A9%EC%A0%91%EA%B8%B0%EB%8A%A5%EC%82%AC
용접기능사,피복아크용접기능사,별칭·구표기,국가기술자격,현행,https://www.q-net.or.kr/totalSearch.do?gSite=Q&pageNum=1&resFlag=N&searchMenu=total&searchQuery=%ED%94%BC%EB%B3%B5%EC%95%84%ED%81%AC%EC%9A%A9%EC%A0%91%EA%B8%B0%EB%8A%A5%EC%82%AC&searchSort=weight&totalQuery=%ED%94%BC%EB%B3%B5%EC%95%84%ED%81%AC%EC%9A%A9%EC%A0%91%EA%B8%B0%EB%8A%A5%EC%82%AC
